Job post title;Firm name;Firm page;International students
STAGE CURRICULARE PROJECT MANAGEMENT OFFICER ANALYST;A2A Life Company;https://cosp.careerserviceunimi.it/scheda-azienda.php?idAzienda=63;TRUE
STAGE HSEQ - HEALTH, SAFETY, ENVIRONMENT & QUALITY;A2A Life Company;https://cosp.careerserviceunimi.it/scheda-azienda.php?idAzienda=63;TRUE
STAGE - FINANCIAL PLANNING;A2A Life Company;https://cosp.careerserviceunimi.it/scheda-azienda.php?idAzienda=63;TRUE
STAGE CASH MANAGEMENT;A2A Life Company;https://cosp.careerserviceunimi.it/scheda-azienda.php?idAzienda=63;TRUE
JUNIOR ANALYST - FINANZA STRAORDINARIA;A2A Life Company;https://cosp.careerserviceunimi.it/scheda-azienda.php?idAzienda=63;TRUE
REACT NATIVE - JUNIOR DEVELOPER;A2A Life Company;https://cosp.careerserviceunimi.it/scheda-azienda.php?idAzienda=63;TRUE
MIDDLE OFFICE ANALYST;A2A Life Company;https://cosp.careerserviceunimi.it/scheda-azienda.php?idAzienda=63;TRUE
SPECIALISTA SISTEMI GIS / DATA ANALYST;A2A Life Company;https://cosp.careerserviceunimi.it/scheda-azienda.php?idAzienda=63;TRUE
Sales Rep/Tecnico Commerciale - Area Lombardia;ABS;https://cosp.careerserviceunimi.it/scheda-azienda.php?idAzienda=89;FALSE
RMS Specialist - area Lombardia;ABS;https://cosp.careerserviceunimi.it/scheda-azienda.php?idAzienda=89;FALSE
Opportunità per laureandi/e e laureati/e;Accenture;https://cosp.careerserviceunimi.it/scheda-azienda.php?idAzienda=67;FALSE
Junior Back-end developer;ACUS;https://cosp.careerserviceunimi.it/scheda-azienda.php?idAzienda=92;FALSE
Front-end developer;ACUS;https://cosp.careerserviceunimi.it/scheda-azienda.php?idAzienda=92;FALSE
Software automation tester;ACUS;https://cosp.careerserviceunimi.it/scheda-azienda.php?idAzienda=92;FALSE
PL/SQL developer;ACUS;https://cosp.careerserviceunimi.it/scheda-azienda.php?idAzienda=92;FALSE
Junior Salesforce Analyst;ACUS;https://cosp.careerserviceunimi.it/scheda-azienda.php?idAzienda=92;FALSE
Junior Business Analyst;ACUS;https://cosp.careerserviceunimi.it/scheda-azienda.php?idAzienda=92;FALSE
IT service desk - categoria protetta art 18;ACUS;https://cosp.careerserviceunimi.it/scheda-azienda.php?idAzienda=92;FALSE
Neolaureato Praticante;ADVANT Nctm;https://cosp.careerserviceunimi.it/scheda-azienda.php?idAzienda=88;TRUE
Studente di Giurisprudenza;ADVANT Nctm;https://cosp.careerserviceunimi.it/scheda-azienda.php?idAzienda=88;TRUE
Controllo di Gestione;AIM GROUP INTERNATIONAL;https://cosp.careerserviceunimi.it/scheda-azienda.php?idAzienda=82;FALSE
Stage Organizzazione Congressi - Project Assistant;AIM GROUP INTERNATIONAL;https://cosp.careerserviceunimi.it/scheda-azienda.php?idAzienda=82;FALSE
Sport Events - stage;AIM GROUP INTERNATIONAL;https://cosp.careerserviceunimi.it/scheda-azienda.php?idAzienda=82;FALSE
Segreteria operativa Eventi - Stage;AIM GROUP INTERNATIONAL;https://cosp.careerserviceunimi.it/scheda-azienda.php?idAzienda=82;FALSE
Graphic Design;AIM GROUP INTERNATIONAL;https://cosp.careerserviceunimi.it/scheda-azienda.php?idAzienda=82;FALSE
Area Manager (m/f/x) - Nord-Est;ALDI;https://cosp.careerserviceunimi.it/scheda-azienda.php?idAzienda=124;FALSE
Impiegato Vendite (m/f/x) - Back Office - Landriano (PV);ALDI;https://cosp.careerserviceunimi.it/scheda-azienda.php?idAzienda=124;FALSE
Impiegato Store Operation (m/f/x) - Back Office - Landriano (PV);ALDI;https://cosp.careerserviceunimi.it/scheda-azienda.php?idAzienda=124;FALSE
Assistente Direzione (m/f/x) - Customer Interaction - Verona (VR);ALDI;https://cosp.careerserviceunimi.it/scheda-azienda.php?idAzienda=124;FALSE
Data Entry Digital Marketing (m/f/x);ALDI;https://cosp.careerserviceunimi.it/scheda-azienda.php?idAzienda=124;FALSE
Digital Marketing & CRM Specialist (m/f/x);ALDI;https://cosp.careerserviceunimi.it/scheda-azienda.php?idAzienda=124;FALSE
Buying Specialist (m/f/x) - Food - Verona (VR);ALDI;https://cosp.careerserviceunimi.it/scheda-azienda.php?idAzienda=124;FALSE
Global Buying Manager (m/f/x) - Prodotti surgelati - Austria;ALDI;https://cosp.careerserviceunimi.it/scheda-azienda.php?idAzienda=124;FALSE
IT Consultant (m/f/x) - Store Infrastructure - Verona (VR);ALDI;https://cosp.careerserviceunimi.it/scheda-azienda.php?idAzienda=124;FALSE
IT Junior/Senior Consultant (m/f/x) - Verona (VR);ALDI;https://cosp.careerserviceunimi.it/scheda-azienda.php?idAzienda=124;FALSE
Junior IT (m/f/x) - Stores - Verona (VR);ALDI;https://cosp.careerserviceunimi.it/scheda-azienda.php?idAzienda=124;FALSE
Junior IT Consultant (m/f/x) - Store Infrastructure - Verona (VR);ALDI;https://cosp.careerserviceunimi.it/scheda-azienda.php?idAzienda=124;FALSE
Impiegato Acquisti (m/f/x) - Data Maintenance - Verona (VR);ALDI;https://cosp.careerserviceunimi.it/scheda-azienda.php?idAzienda=124;FALSE
Impiegato Amministrativo (m/f/x) - Landriano (PV);ALDI;https://cosp.careerserviceunimi.it/scheda-azienda.php?idAzienda=124;FALSE
Impiegato Facility Management (m/f/x) - Landriano (PV);ALDI;https://cosp.careerserviceunimi.it/scheda-azienda.php?idAzienda=124;FALSE
Impiegato Back Office (m/f/x) - Verona (VR) | Categorie Protette (Legge 68/99);ALDI;https://cosp.careerserviceunimi.it/scheda-azienda.php?idAzienda=124;FALSE
Impiegato Compliance (m/f/x) - Verona (VR);ALDI;https://cosp.careerserviceunimi.it/scheda-azienda.php?idAzienda=124;FALSE
Impiegato Contabilità (m/f/x) - Fatturazione passiva - Verona (VR);ALDI;https://cosp.careerserviceunimi.it/scheda-azienda.php?idAzienda=124;FALSE
Impiegato Contabilità (m/f/x) - Fatturazione passiva - Verona (VR) | Categorie Protette (Legge 68/99);ALDI;https://cosp.careerserviceunimi.it/scheda-azienda.php?idAzienda=124;FALSE
Impiegato Back Office (m/f/x) - Logistics & Services - Landriano (PV);ALDI;https://cosp.careerserviceunimi.it/scheda-azienda.php?idAzienda=124;FALSE
Digital Marketing Specialist (m/f/x);ALDI;https://cosp.careerserviceunimi.it/scheda-azienda.php?idAzienda=124;FALSE
Stagiaire Dipartimento ICM - Financial Regulatory;Allen & Overy;https://cosp.careerserviceunimi.it/scheda-azienda.php?idAzienda=85;TRUE
Stagiaire Litigation;Allen & Overy;https://cosp.careerserviceunimi.it/scheda-azienda.php?idAzienda=85;TRUE
Stagiaire Dipartimento ICM - Transactional;Allen & Overy;https://cosp.careerserviceunimi.it/scheda-azienda.php?idAzienda=85;TRUE
Stagiaire Team Labour;Allen & Overy;https://cosp.careerserviceunimi.it/scheda-azienda.php?idAzienda=85;TRUE
Software developer Junior - Italia;ALTEN Italia;https://cosp.careerserviceunimi.it/scheda-azienda.php?idAzienda=151;FALSE
Functional Analyst and Tester Junior - Italia;ALTEN Italia;https://cosp.careerserviceunimi.it/scheda-azienda.php?idAzienda=151;FALSE
Software Tester - Italia;ALTEN Italia;https://cosp.careerserviceunimi.it/scheda-azienda.php?idAzienda=151;FALSE
Technical and Functional Analyst - Italia;ALTEN Italia;https://cosp.careerserviceunimi.it/scheda-azienda.php?idAzienda=151;FALSE
PMO - Italia;ALTEN Italia;https://cosp.careerserviceunimi.it/scheda-azienda.php?idAzienda=151;FALSE
PMO Junior - Italia;ALTEN Italia;https://cosp.careerserviceunimi.it/scheda-azienda.php?idAzienda=151;FALSE
PM - Italia;ALTEN Italia;https://cosp.careerserviceunimi.it/scheda-azienda.php?idAzienda=151;FALSE
Junior Project Manager (Telecomunicazione) - Italia;ALTEN Italia;https://cosp.careerserviceunimi.it/scheda-azienda.php?idAzienda=151;FALSE
DevOps (Telecomunication) - Italia;ALTEN Italia;https://cosp.careerserviceunimi.it/scheda-azienda.php?idAzienda=151;FALSE
Junior C/C++ Developer - Italia;ALTEN Italia;https://cosp.careerserviceunimi.it/scheda-azienda.php?idAzienda=151;FALSE
Junior Business Development Manager;ALTEN Italia;https://cosp.careerserviceunimi.it/scheda-azienda.php?idAzienda=151;FALSE
Junior HSE (Health, Safety and Environment);ALTEN Italia;https://cosp.careerserviceunimi.it/scheda-azienda.php?idAzienda=151;FALSE
Accounting;ALTEN Italia;https://cosp.careerserviceunimi.it/scheda-azienda.php?idAzienda=151;FALSE
Junior C/C++ Developer (AUTOMOTIVE) - Italia;ALTEN Italia;https://cosp.careerserviceunimi.it/scheda-azienda.php?idAzienda=151;FALSE
Internal Communication Specialist;Altroconsumo;https://cosp.careerserviceunimi.it/scheda-azienda.php?idAzienda=27;TRUE
Web Editor;Altroconsumo;https://cosp.careerserviceunimi.it/scheda-azienda.php?idAzienda=27;TRUE
Project Officer Junior;Altroconsumo;https://cosp.careerserviceunimi.it/scheda-azienda.php?idAzienda=27;TRUE
Stage Quality Assurance;Angelini Pharma;https://cosp.careerserviceunimi.it/scheda-azienda.php?idAzienda=134;TRUE
Stage Global Business Excellence;Angelini Pharma;https://cosp.careerserviceunimi.it/scheda-azienda.php?idAzienda=134;TRUE
Stage Regulatory Affairs;Angelini Pharma;https://cosp.careerserviceunimi.it/scheda-azienda.php?idAzienda=134;TRUE
Stage Trade Marketing;Angelini Pharma;https://cosp.careerserviceunimi.it/scheda-azienda.php?idAzienda=134;TRUE
Stage International Demand;Angelini Pharma;https://cosp.careerserviceunimi.it/scheda-azienda.php?idAzienda=134;TRUE
Stage Quality Assurance;Angelini Pharma;https://cosp.careerserviceunimi.it/scheda-azienda.php?idAzienda=134;TRUE
Stage Marketing Consumer Healthcare;Angelini Pharma;https://cosp.careerserviceunimi.it/scheda-azienda.php?idAzienda=134;TRUE
Internship Rotazionale per Medici Veterinari (Novara);AniCura;https://cosp.careerserviceunimi.it/scheda-azienda.php?idAzienda=128;FALSE
Medico Veterinario per Internship Rotazionale - Clinica Borghesiana (Roma);AniCura;https://cosp.careerserviceunimi.it/scheda-azienda.php?idAzienda=128;FALSE
Medici Veterinari per Internship Rotazionale (Milano);AniCura;https://cosp.careerserviceunimi.it/scheda-azienda.php?idAzienda=128;FALSE
Medico Veterinario per Internship Rotazionale (Malpensa);AniCura;https://cosp.careerserviceunimi.it/scheda-azienda.php?idAzienda=128;FALSE
Internship Rotazionale per Medici Veterinari (Novara);Aon;https://cosp.careerserviceunimi.it/scheda-azienda.php?idAzienda=51;FALSE
Medico Veterinario per Internship Rotazionale - Clinica Borghesiana (Roma);Aon;https://cosp.careerserviceunimi.it/scheda-azienda.php?idAzienda=51;FALSE
Medici Veterinari per Internship Rotazionale (Milano);Aon;https://cosp.careerserviceunimi.it/scheda-azienda.php?idAzienda=51;FALSE
Medico Veterinario per Internship Rotazionale (Malpensa);Aon;https://cosp.careerserviceunimi.it/scheda-azienda.php?idAzienda=51;FALSE
HR Talent Acquisition Internship;ARCAPLANET;https://cosp.careerserviceunimi.it/scheda-azienda.php?idAzienda=14;FALSE
Stage area contabilità;ARCAPLANET;https://cosp.careerserviceunimi.it/scheda-azienda.php?idAzienda=14;FALSE
Veterinario;ARCAPLANET;https://cosp.careerserviceunimi.it/scheda-azienda.php?idAzienda=14;FALSE
Junior Product Marketing Specialist – Private label;ARCAPLANET;https://cosp.careerserviceunimi.it/scheda-azienda.php?idAzienda=14;FALSE
Content Assistant;ARCAPLANET;https://cosp.careerserviceunimi.it/scheda-azienda.php?idAzienda=14;FALSE
Customer Engagement - stage;AstraZeneca;https://cosp.careerserviceunimi.it/scheda-azienda.php?idAzienda=7;FALSE
stage Marketing area Vaccini;AstraZeneca;https://cosp.careerserviceunimi.it/scheda-azienda.php?idAzienda=7;FALSE
stage Marketing area Respiratory&Immunology;AstraZeneca;https://cosp.careerserviceunimi.it/scheda-azienda.php?idAzienda=7;FALSE
stare HR ambito Reward;AstraZeneca;https://cosp.careerserviceunimi.it/scheda-azienda.php?idAzienda=7;FALSE
Junior PM;ATM;https://cosp.careerserviceunimi.it/scheda-azienda.php?idAzienda=8;FALSE
Business Analyst;ATM;https://cosp.careerserviceunimi.it/scheda-azienda.php?idAzienda=8;FALSE
STAGE SUPERVISIONE E CONTROLLO LINEE METRO;ATM;https://cosp.careerserviceunimi.it/scheda-azienda.php?idAzienda=8;FALSE
STAGE JUNIOR IT PROJECT MANAGER;ATM;https://cosp.careerserviceunimi.it/scheda-azienda.php?idAzienda=8;FALSE
Junior PM;Banca Mediolanum;https://cosp.careerserviceunimi.it/scheda-azienda.php?idAzienda=129;FALSE
Business Analyst;Banca Mediolanum;https://cosp.careerserviceunimi.it/scheda-azienda.php?idAzienda=129;FALSE
STAGE SUPERVISIONE E CONTROLLO LINEE METRO;Banca Mediolanum;https://cosp.careerserviceunimi.it/scheda-azienda.php?idAzienda=129;FALSE
STAGE JUNIOR IT PROJECT MANAGER;Banca Mediolanum;https://cosp.careerserviceunimi.it/scheda-azienda.php?idAzienda=129;FALSE
QUALITY PROJECT MANAGEMENT INTERNSHIP;Bayer;https://cosp.careerserviceunimi.it/scheda-azienda.php?idAzienda=136;TRUE
Marketing Communication Internship;Bayer;https://cosp.careerserviceunimi.it/scheda-azienda.php?idAzienda=136;TRUE
Quality Assurance Systems Internship;Bayer;https://cosp.careerserviceunimi.it/scheda-azienda.php?idAzienda=136;TRUE
Assistant Auditor;BDO;https://cosp.careerserviceunimi.it/scheda-azienda.php?idAzienda=106;TRUE
Junior Assistant - Risk & Compliance (Quality);BDO;https://cosp.careerserviceunimi.it/scheda-azienda.php?idAzienda=106;TRUE
Consultant - TAX VAT;BDO;https://cosp.careerserviceunimi.it/scheda-azienda.php?idAzienda=106;TRUE
Assistant Risk & Compliance;BDO;https://cosp.careerserviceunimi.it/scheda-azienda.php?idAzienda=106;TRUE
Tirocinio Specialistico in Medicina d'Urgenza Strutture BluVet;BluVet;https://cosp.careerserviceunimi.it/scheda-azienda.php?idAzienda=28;TRUE
Tirocinio Rotazionale Strutture BluVet;BluVet;https://cosp.careerserviceunimi.it/scheda-azienda.php?idAzienda=28;TRUE
Stagisti - Milano/Roma/Genova/Londra/Bruxelles;BonelliErede;https://cosp.careerserviceunimi.it/scheda-azienda.php?idAzienda=115;TRUE
Praticanti Avvocati - Milano/Roma/Genova/Londra/Bruxelles;BonelliErede;https://cosp.careerserviceunimi.it/scheda-azienda.php?idAzienda=115;TRUE
Stage - Back Office Certificazioni Support;Bureau Veritas Italia;https://cosp.careerserviceunimi.it/scheda-azienda.php?idAzienda=84;TRUE
Stage – Back Office Procurement & Site;Bureau Veritas Italia;https://cosp.careerserviceunimi.it/scheda-azienda.php?idAzienda=84;TRUE
Stage – Supporto Componenti e Sistemi Automotive (Regolamenti UNECE) - CPS;Bureau Veritas Italia;https://cosp.careerserviceunimi.it/scheda-azienda.php?idAzienda=84;TRUE
Stage – Comitato Tecnico QHSE;Bureau Veritas Italia;https://cosp.careerserviceunimi.it/scheda-azienda.php?idAzienda=84;TRUE
Stage - Inside Sales;Bureau Veritas Italia;https://cosp.careerserviceunimi.it/scheda-azienda.php?idAzienda=84;TRUE
Stage - Financial Controller Support – Central South-East Europe Region;Bureau Veritas Italia;https://cosp.careerserviceunimi.it/scheda-azienda.php?idAzienda=84;TRUE
Stage - Supporto tecnico Ufficio Gare;Bureau Veritas Italia;https://cosp.careerserviceunimi.it/scheda-azienda.php?idAzienda=84;TRUE
Stage - Training Support;Bureau Veritas Italia;https://cosp.careerserviceunimi.it/scheda-azienda.php?idAzienda=84;TRUE
Stage - Back Office Certificazioni Support;Calzedonia Group;https://cosp.careerserviceunimi.it/scheda-azienda.php?idAzienda=16;FALSE
Stage – Back Office Procurement & Site;Calzedonia Group;https://cosp.careerserviceunimi.it/scheda-azienda.php?idAzienda=16;FALSE
Stage – Supporto Componenti e Sistemi Automotive (Regolamenti UNECE) - CPS;Calzedonia Group;https://cosp.careerserviceunimi.it/scheda-azienda.php?idAzienda=16;FALSE
Stage – Comitato Tecnico QHSE;Calzedonia Group;https://cosp.careerserviceunimi.it/scheda-azienda.php?idAzienda=16;FALSE
Stage - Inside Sales;Calzedonia Group;https://cosp.careerserviceunimi.it/scheda-azienda.php?idAzienda=16;FALSE
Stage - Financial Controller Support – Central South-East Europe Region;Calzedonia Group;https://cosp.careerserviceunimi.it/scheda-azienda.php?idAzienda=16;FALSE
Stage - Supporto tecnico Ufficio Gare;Calzedonia Group;https://cosp.careerserviceunimi.it/scheda-azienda.php?idAzienda=16;FALSE
Stage - Training Support;Calzedonia Group;https://cosp.careerserviceunimi.it/scheda-azienda.php?idAzienda=16;FALSE
Stage Category-Buyer;Carrefour Italia;https://cosp.careerserviceunimi.it/scheda-azienda.php?idAzienda=10;FALSE
Stage - Intelligent Process Automation;Carrefour Italia;https://cosp.careerserviceunimi.it/scheda-azienda.php?idAzienda=10;FALSE
Stage - Contabilità e Bilancio Consolidato;Carrefour Italia;https://cosp.careerserviceunimi.it/scheda-azienda.php?idAzienda=10;FALSE
Supervisore di Produzione - Stage;Chiesi Farmaceutici;https://cosp.careerserviceunimi.it/scheda-azienda.php?idAzienda=135;FALSE
Tecnologo di Processo - Stage;Chiesi Farmaceutici;https://cosp.careerserviceunimi.it/scheda-azienda.php?idAzienda=135;FALSE
In Vitro Pharmacology Lab Technician - Intern;Chiesi Farmaceutici;https://cosp.careerserviceunimi.it/scheda-azienda.php?idAzienda=135;FALSE
Global Rewards Intern;Chiesi Farmaceutici;https://cosp.careerserviceunimi.it/scheda-azienda.php?idAzienda=135;FALSE
Group HR Analytics & HRIS Intern;Chiesi Farmaceutici;https://cosp.careerserviceunimi.it/scheda-azienda.php?idAzienda=135;FALSE
Trainee / Junior Associate - Privacy e Cybersecurity Milano;CHIOMENTI;https://cosp.careerserviceunimi.it/scheda-azienda.php?idAzienda=39;FALSE
Junior Associate - M&A | Milano/Roma;CHIOMENTI;https://cosp.careerserviceunimi.it/scheda-azienda.php?idAzienda=39;FALSE
Trainee/ Junior Associate - Finance | Roma;CHIOMENTI;https://cosp.careerserviceunimi.it/scheda-azienda.php?idAzienda=39;FALSE
Trainee / Junior Associate - Tax;CHIOMENTI;https://cosp.careerserviceunimi.it/scheda-azienda.php?idAzienda=39;FALSE
Trainee / Junior Associate - Privacy e Cybersecurity Milano;CIRFOOD;https://cosp.careerserviceunimi.it/scheda-azienda.php?idAzienda=17;FALSE
Junior Associate - M&A | Milano/Roma;CIRFOOD;https://cosp.careerserviceunimi.it/scheda-azienda.php?idAzienda=17;FALSE
Trainee/ Junior Associate - Finance | Roma;CIRFOOD;https://cosp.careerserviceunimi.it/scheda-azienda.php?idAzienda=17;FALSE
Trainee / Junior Associate - Tax;CIRFOOD;https://cosp.careerserviceunimi.it/scheda-azienda.php?idAzienda=17;FALSE
Receptionist (M/F);Club Med;https://cosp.careerserviceunimi.it/scheda-azienda.php?idAzienda=62;TRUE
FARMACISTA;COOP LOMBARDIA;https://cosp.careerserviceunimi.it/scheda-azienda.php?idAzienda=97;FALSE
ALLIEVA/O RESPONSABILE DI NEGOZIO;COOP LOMBARDIA;https://cosp.careerserviceunimi.it/scheda-azienda.php?idAzienda=97;FALSE
REVISORI JUNIOR - TALENT PROGRAM DELOITTE;Deloitte;https://cosp.careerserviceunimi.it/scheda-azienda.php?idAzienda=130;FALSE
Junior Tax Advisor;Deloitte;https://cosp.careerserviceunimi.it/scheda-azienda.php?idAzienda=130;FALSE
Stage Corporate and M&A;Deloitte;https://cosp.careerserviceunimi.it/scheda-azienda.php?idAzienda=130;FALSE
Stage Public & Administrative Law;Deloitte;https://cosp.careerserviceunimi.it/scheda-azienda.php?idAzienda=130;FALSE
Stage Corporate Compliance;Deloitte;https://cosp.careerserviceunimi.it/scheda-azienda.php?idAzienda=130;FALSE
Stage Data Protection;Deloitte;https://cosp.careerserviceunimi.it/scheda-azienda.php?idAzienda=130;FALSE
Trainee Corporate Compliance;Deloitte;https://cosp.careerserviceunimi.it/scheda-azienda.php?idAzienda=130;FALSE
Trainee Financial Services Regulatory;Deloitte;https://cosp.careerserviceunimi.it/scheda-azienda.php?idAzienda=130;FALSE
Trainee Corporate and M&A;Deloitte;https://cosp.careerserviceunimi.it/scheda-azienda.php?idAzienda=130;FALSE
Analyst - Value Creation Services - VCS;Deloitte;https://cosp.careerserviceunimi.it/scheda-azienda.php?idAzienda=130;FALSE
Junior - Operation Excellence Public;Deloitte;https://cosp.careerserviceunimi.it/scheda-azienda.php?idAzienda=130;FALSE
Analyst - Officine Innovazione;Deloitte;https://cosp.careerserviceunimi.it/scheda-azienda.php?idAzienda=130;FALSE
Deloitte Climate and Sustainability (DCS) – Sustainable Finance - JUNIOR;Deloitte;https://cosp.careerserviceunimi.it/scheda-azienda.php?idAzienda=130;FALSE
Digital - Junior - Salesforce Developer Milano;Deloitte;https://cosp.careerserviceunimi.it/scheda-azienda.php?idAzienda=130;FALSE
JUNIOR SEO CONSULTANT;Dentsu italia;https://cosp.careerserviceunimi.it/scheda-azienda.php?idAzienda=12;FALSE
Operativo via Mare/via Aerea.;DHL Global Forwarding (Italy);https://cosp.careerserviceunimi.it/scheda-azienda.php?idAzienda=121;FALSE
Operativo via Mare/via Aerea.;EATALY;https://cosp.careerserviceunimi.it/scheda-azienda.php?idAzienda=13;TRUE
JUNIOR ANALYST - VALUTAZIONE INVESTIMENTI M&A;EDISON;https://cosp.careerserviceunimi.it/scheda-azienda.php?idAzienda=132;TRUE
MARKET ANALYSIS, STRUCTURING & PRICING SPECIALIST;EDISON;https://cosp.careerserviceunimi.it/scheda-azienda.php?idAzienda=132;TRUE
STAGE PLANNING PERFORMANCE BUSINESS MARKET;EDISON;https://cosp.careerserviceunimi.it/scheda-azienda.php?idAzienda=132;TRUE
STAGE P&P CONSOLIDATO E CREDIT MONITORING - GAS & POWER MARKET;EDISON;https://cosp.careerserviceunimi.it/scheda-azienda.php?idAzienda=132;TRUE
Company Solution Consultant;ENGINEERING;https://cosp.careerserviceunimi.it/scheda-azienda.php?idAzienda=110;FALSE
Data Scientist;ENGINEERING;https://cosp.careerserviceunimi.it/scheda-azienda.php?idAzienda=110;FALSE
Autocandidatura Engineering;ENGINEERING;https://cosp.careerserviceunimi.it/scheda-azienda.php?idAzienda=110;FALSE
Business Analyst;EOLO;https://cosp.careerserviceunimi.it/scheda-azienda.php?idAzienda=143;FALSE
Technology Opportunities - ambito Network & IT;EOLO;https://cosp.careerserviceunimi.it/scheda-azienda.php?idAzienda=143;FALSE
Software Engineer (back-end developer);EOLO;https://cosp.careerserviceunimi.it/scheda-azienda.php?idAzienda=143;FALSE
FARMACISTA - Milano, Monza e Brescia;ESSELUNGA;https://cosp.careerserviceunimi.it/scheda-azienda.php?idAzienda=165;FALSE
STAGE LOGISTICA - Pioltello (MI) e Biandrate (NO);ESSELUNGA;https://cosp.careerserviceunimi.it/scheda-azienda.php?idAzienda=165;FALSE
ALLIEVO RESPONSABILE DI NEGOZIO;ESSELUNGA;https://cosp.careerserviceunimi.it/scheda-azienda.php?idAzienda=165;FALSE
STAGE ASSISTANT BUYER - Pioltello (MI);ESSELUNGA;https://cosp.careerserviceunimi.it/scheda-azienda.php?idAzienda=165;FALSE
STAGE HR - Pioltello (MI);ESSELUNGA;https://cosp.careerserviceunimi.it/scheda-azienda.php?idAzienda=165;FALSE
STAGE INFORMATION TECHNOLOGY - Pioltello (MI);ESSELUNGA;https://cosp.careerserviceunimi.it/scheda-azienda.php?idAzienda=165;FALSE
FARMACISTA - Milano, Monza e Brescia;EY;https://cosp.careerserviceunimi.it/scheda-azienda.php?idAzienda=131;TRUE
STAGE LOGISTICA - Pioltello (MI) e Biandrate (NO);EY;https://cosp.careerserviceunimi.it/scheda-azienda.php?idAzienda=131;TRUE
ALLIEVO RESPONSABILE DI NEGOZIO;EY;https://cosp.careerserviceunimi.it/scheda-azienda.php?idAzienda=131;TRUE
STAGE ASSISTANT BUYER - Pioltello (MI);EY;https://cosp.careerserviceunimi.it/scheda-azienda.php?idAzienda=131;TRUE
STAGE HR - Pioltello (MI);EY;https://cosp.careerserviceunimi.it/scheda-azienda.php?idAzienda=131;TRUE
STAGE INFORMATION TECHNOLOGY - Pioltello (MI);EY;https://cosp.careerserviceunimi.it/scheda-azienda.php?idAzienda=131;TRUE
INTER MEDIA HOUSE INTERN;F.C. INTERNAZIONALE MILANO;https://cosp.careerserviceunimi.it/scheda-azienda.php?idAzienda=147;FALSE
Partnership Marketing Account;F.C. INTERNAZIONALE MILANO;https://cosp.careerserviceunimi.it/scheda-azienda.php?idAzienda=147;FALSE
E-Commerce Intern;F.C. INTERNAZIONALE MILANO;https://cosp.careerserviceunimi.it/scheda-azienda.php?idAzienda=147;FALSE
IT Analyst Intern;F.C. INTERNAZIONALE MILANO;https://cosp.careerserviceunimi.it/scheda-azienda.php?idAzienda=147;FALSE
Quality Assurance;FAMAR;https://cosp.careerserviceunimi.it/scheda-azienda.php?idAzienda=139;FALSE
Quality Control;FAMAR;https://cosp.careerserviceunimi.it/scheda-azienda.php?idAzienda=139;FALSE
Quality Assurance;Gi Group;https://cosp.careerserviceunimi.it/scheda-azienda.php?idAzienda=175;TRUE
Quality Control;Gi Group;https://cosp.careerserviceunimi.it/scheda-azienda.php?idAzienda=175;TRUE
Stage area training;Giuffrè Francis Lefebvre;https://cosp.careerserviceunimi.it/scheda-azienda.php?idAzienda=176;TRUE
Stage Business Intelligence;Giuffrè Francis Lefebvre;https://cosp.careerserviceunimi.it/scheda-azienda.php?idAzienda=176;TRUE
Stage Corporate & Digital Content;Giuffrè Francis Lefebvre;https://cosp.careerserviceunimi.it/scheda-azienda.php?idAzienda=176;TRUE
Stage Telemarketing;Giuffrè Francis Lefebvre;https://cosp.careerserviceunimi.it/scheda-azienda.php?idAzienda=176;TRUE
SOCIAL MEDIA SPECIALIST;GRUPPO CAP;https://cosp.careerserviceunimi.it/scheda-azienda.php?idAzienda=94;FALSE
Junior Client Advisor;Gruppo Crédit Agricole;https://cosp.careerserviceunimi.it/scheda-azienda.php?idAzienda=108;TRUE
Junior Corporate Assistant;Gruppo Crédit Agricole;https://cosp.careerserviceunimi.it/scheda-azienda.php?idAzienda=108;TRUE
Junior Digital Specialist;Gruppo Crédit Agricole;https://cosp.careerserviceunimi.it/scheda-azienda.php?idAzienda=108;TRUE
Depositary Bank Analyst;Gruppo Crédit Agricole;https://cosp.careerserviceunimi.it/scheda-azienda.php?idAzienda=108;TRUE
Liquidatore Sinistri Junior;Gruppo Crédit Agricole;https://cosp.careerserviceunimi.it/scheda-azienda.php?idAzienda=108;TRUE
Junior Attuariato Riserve e Modelli di Calcolo Vita;Gruppo Crédit Agricole;https://cosp.careerserviceunimi.it/scheda-azienda.php?idAzienda=108;TRUE
Client Operation;Gruppo Crédit Agricole;https://cosp.careerserviceunimi.it/scheda-azienda.php?idAzienda=108;TRUE
Apprendista Data Professional – Ufficio Credit Models;Gruppo Crédit Agricole;https://cosp.careerserviceunimi.it/scheda-azienda.php?idAzienda=108;TRUE
Apprendista Junior Security Architect;Gruppo Crédit Agricole;https://cosp.careerserviceunimi.it/scheda-azienda.php?idAzienda=108;TRUE
STAGE ASSISTANT SENIOR BRAND MANAGER;Gruppo Lactalis Italia;https://cosp.careerserviceunimi.it/scheda-azienda.php?idAzienda=4;FALSE
STAGE ASSISTANT TRADE TERMS & SALES OPERATIONS SPECIALIST;Gruppo Lactalis Italia;https://cosp.careerserviceunimi.it/scheda-azienda.php?idAzienda=4;FALSE
STAGE ASSISTANT TRADE MARKETING MANAGER;Gruppo Lactalis Italia;https://cosp.careerserviceunimi.it/scheda-azienda.php?idAzienda=4;FALSE
STAGE HR MANAGER ASSISTANT;Gruppo Lactalis Italia;https://cosp.careerserviceunimi.it/scheda-azienda.php?idAzienda=4;FALSE
STAGE AMBIENTE SALUTE E SICUREZZA;Gruppo Lactalis Italia;https://cosp.careerserviceunimi.it/scheda-azienda.php?idAzienda=4;FALSE
STAGE JUNIOR BUYER;Gruppo Lactalis Italia;https://cosp.careerserviceunimi.it/scheda-azienda.php?idAzienda=4;FALSE
STAGE CONTROLLO DI GESTIONE;Gruppo Lactalis Italia;https://cosp.careerserviceunimi.it/scheda-azienda.php?idAzienda=4;FALSE
STAGE DEMAND PLANNING ASSISTANT;Gruppo Lactalis Italia;https://cosp.careerserviceunimi.it/scheda-azienda.php?idAzienda=4;FALSE
Facility Management Trainee;Gruppo Montenegro;https://cosp.careerserviceunimi.it/scheda-azienda.php?idAzienda=98;TRUE
Buyer Trainee;Gruppo Montenegro;https://cosp.careerserviceunimi.it/scheda-azienda.php?idAzienda=98;TRUE
Regulatory Trainee;Gruppo Montenegro;https://cosp.careerserviceunimi.it/scheda-azienda.php?idAzienda=98;TRUE
HR Talent Partner Trainee;Gruppo Montenegro;https://cosp.careerserviceunimi.it/scheda-azienda.php?idAzienda=98;TRUE
Quality Assurance Trainee - Manifacturing;Gruppo Montenegro;https://cosp.careerserviceunimi.it/scheda-azienda.php?idAzienda=98;TRUE
Stage Curriculare Multidisciplinare;Hogan Lovells Studio Legale;https://cosp.careerserviceunimi.it/scheda-azienda.php?idAzienda=54;FALSE
Graduated Students/Trainees;Hogan Lovells Studio Legale;https://cosp.careerserviceunimi.it/scheda-azienda.php?idAzienda=54;FALSE
Giovane Professionista per il Dipartimento di Diritto Amministrativo (Global Regulatory - Environment) Roma;Hogan Lovells Studio Legale;https://cosp.careerserviceunimi.it/scheda-azienda.php?idAzienda=54;FALSE
Giovane professionista per il dipartimento di Debt Capital Markets, sede di Milano;Hogan Lovells Studio Legale;https://cosp.careerserviceunimi.it/scheda-azienda.php?idAzienda=54;FALSE
Stage Curriculare Multidisciplinare;IBM;https://cosp.careerserviceunimi.it/scheda-azienda.php?idAzienda=116;FALSE
Graduated Students/Trainees;IBM;https://cosp.careerserviceunimi.it/scheda-azienda.php?idAzienda=116;FALSE
Giovane Professionista per il Dipartimento di Diritto Amministrativo (Global Regulatory - Environment) Roma;IBM;https://cosp.careerserviceunimi.it/scheda-azienda.php?idAzienda=116;FALSE
Giovane professionista per il dipartimento di Debt Capital Markets, sede di Milano;IBM;https://cosp.careerserviceunimi.it/scheda-azienda.php?idAzienda=116;FALSE
Stage Curriculare Multidisciplinare;IMCD Italia;https://cosp.careerserviceunimi.it/scheda-azienda.php?idAzienda=29;FALSE
Graduated Students/Trainees;IMCD Italia;https://cosp.careerserviceunimi.it/scheda-azienda.php?idAzienda=29;FALSE
Giovane Professionista per il Dipartimento di Diritto Amministrativo (Global Regulatory - Environment) Roma;IMCD Italia;https://cosp.careerserviceunimi.it/scheda-azienda.php?idAzienda=29;FALSE
Giovane professionista per il dipartimento di Debt Capital Markets, sede di Milano;IMCD Italia;https://cosp.careerserviceunimi.it/scheda-azienda.php?idAzienda=29;FALSE
Analytics Collection Stageur;ING Bank;https://cosp.careerserviceunimi.it/scheda-azienda.php?idAzienda=69;TRUE
Financial Controller Stageur;ING Bank;https://cosp.careerserviceunimi.it/scheda-azienda.php?idAzienda=69;TRUE
HR Performance & Reward Stageur;ING Bank;https://cosp.careerserviceunimi.it/scheda-azienda.php?idAzienda=69;TRUE
Human Connection Recruitment Stageur;ING Bank;https://cosp.careerserviceunimi.it/scheda-azienda.php?idAzienda=69;TRUE
KYC Analyst Stageur;ING Bank;https://cosp.careerserviceunimi.it/scheda-azienda.php?idAzienda=69;TRUE
Human Channels Stageur;ING Bank;https://cosp.careerserviceunimi.it/scheda-azienda.php?idAzienda=69;TRUE
Sales Analyst Stageur;ING Bank;https://cosp.careerserviceunimi.it/scheda-azienda.php?idAzienda=69;TRUE
Customer Contact Center Quality Assurance Stageur;ING Bank;https://cosp.careerserviceunimi.it/scheda-azienda.php?idAzienda=69;TRUE
Credit Risk Stageur;ING Bank;https://cosp.careerserviceunimi.it/scheda-azienda.php?idAzienda=69;TRUE
Operational Accounting Stageur;ING Bank;https://cosp.careerserviceunimi.it/scheda-azienda.php?idAzienda=69;TRUE
Payments Stageur;ING Bank;https://cosp.careerserviceunimi.it/scheda-azienda.php?idAzienda=69;TRUE
Strategic Business Management Stageur;ING Bank;https://cosp.careerserviceunimi.it/scheda-azienda.php?idAzienda=69;TRUE
Sales network strategic project stageur;ING Bank;https://cosp.careerserviceunimi.it/scheda-azienda.php?idAzienda=69;TRUE
HR INTERN;Iper La grande i;https://cosp.careerserviceunimi.it/scheda-azienda.php?idAzienda=157;FALSE
ICT Junior Analyst Internship;Iper La grande i;https://cosp.careerserviceunimi.it/scheda-azienda.php?idAzienda=157;FALSE
Tecnologo Alimentare;IRCA GROUP;https://cosp.careerserviceunimi.it/scheda-azienda.php?idAzienda=87;TRUE
Tecnologo Alimentare;Kelly Italia;https://cosp.careerserviceunimi.it/scheda-azienda.php?idAzienda=70;TRUE
STAGE RISORSE UMANE;Korian;https://cosp.careerserviceunimi.it/scheda-azienda.php?idAzienda=22;FALSE
STAGE CONTROLLER;Korian;https://cosp.careerserviceunimi.it/scheda-azienda.php?idAzienda=22;FALSE
MEDICO;Korian;https://cosp.careerserviceunimi.it/scheda-azienda.php?idAzienda=22;FALSE
FISIOTERAPISTA;Korian;https://cosp.careerserviceunimi.it/scheda-azienda.php?idAzienda=22;FALSE
STAGE IT;Korian;https://cosp.careerserviceunimi.it/scheda-azienda.php?idAzienda=22;FALSE
INFERMIERI;Korian;https://cosp.careerserviceunimi.it/scheda-azienda.php?idAzienda=22;FALSE
Infermiere per struttura riabilitativa;KOS GROUP;https://cosp.careerserviceunimi.it/scheda-azienda.php?idAzienda=5;FALSE
Infermiere per struttura socio sanitaria (RSA);KOS GROUP;https://cosp.careerserviceunimi.it/scheda-azienda.php?idAzienda=5;FALSE
Educatore professionale per struttura socio-sanitaria (RSA);KOS GROUP;https://cosp.careerserviceunimi.it/scheda-azienda.php?idAzienda=5;FALSE
Medico di Guardia per struttura riabilitativa;KOS GROUP;https://cosp.careerserviceunimi.it/scheda-azienda.php?idAzienda=5;FALSE
Medico di guarda per struttura socio assistenziale (RSA);KOS GROUP;https://cosp.careerserviceunimi.it/scheda-azienda.php?idAzienda=5;FALSE
Medico specialista per struttura socio sanitaria (RSA);KOS GROUP;https://cosp.careerserviceunimi.it/scheda-azienda.php?idAzienda=5;FALSE
MEDICO SPECIALISTA AMBULATORIALE;KOS GROUP;https://cosp.careerserviceunimi.it/scheda-azienda.php?idAzienda=5;FALSE
FISIOTERAPISTA per SERVIZIO CURE DOMICILIARI;KOS GROUP;https://cosp.careerserviceunimi.it/scheda-azienda.php?idAzienda=5;FALSE
FISIOETRAPISTA per STRUTTURA SOCIO SANITARIA;KOS GROUP;https://cosp.careerserviceunimi.it/scheda-azienda.php?idAzienda=5;FALSE
Talent Acquisition Specialist;KOS GROUP;https://cosp.careerserviceunimi.it/scheda-azienda.php?idAzienda=5;FALSE
Operatore Service Desk ICT;KOS GROUP;https://cosp.careerserviceunimi.it/scheda-azienda.php?idAzienda=5;FALSE
Specialista IT Area Clinico-Gestionale;KOS GROUP;https://cosp.careerserviceunimi.it/scheda-azienda.php?idAzienda=5;FALSE
Audit Intern;KPMG;https://cosp.careerserviceunimi.it/scheda-azienda.php?idAzienda=158;FALSE
Junior Auditor;KPMG;https://cosp.careerserviceunimi.it/scheda-azienda.php?idAzienda=158;FALSE
Junior Data Analyst;KPMG;https://cosp.careerserviceunimi.it/scheda-azienda.php?idAzienda=158;FALSE
Junior Data Engineer;KPMG;https://cosp.careerserviceunimi.it/scheda-azienda.php?idAzienda=158;FALSE
Technology Risk Consultant;KPMG;https://cosp.careerserviceunimi.it/scheda-azienda.php?idAzienda=158;FALSE
Junior Legal Consultant;KPMG;https://cosp.careerserviceunimi.it/scheda-azienda.php?idAzienda=158;FALSE
Junior Tax Consultant;KPMG;https://cosp.careerserviceunimi.it/scheda-azienda.php?idAzienda=158;FALSE
Junior Accountant;KPMG;https://cosp.careerserviceunimi.it/scheda-azienda.php?idAzienda=158;FALSE
Junior Consultant Software Asset Management and IT Governance;KPMG;https://cosp.careerserviceunimi.it/scheda-azienda.php?idAzienda=158;FALSE
Governance, Risk and Compliance Intern - Financial Services;KPMG;https://cosp.careerserviceunimi.it/scheda-azienda.php?idAzienda=158;FALSE
Governance, Risk and Compliance Intern - Healthcare&Public;KPMG;https://cosp.careerserviceunimi.it/scheda-azienda.php?idAzienda=158;FALSE
Quantitative Financial Risk Management Intern;KPMG;https://cosp.careerserviceunimi.it/scheda-azienda.php?idAzienda=158;FALSE
Data Scientist Intern;KPMG;https://cosp.careerserviceunimi.it/scheda-azienda.php?idAzienda=158;FALSE
Forensic Technology Intern;KPMG;https://cosp.careerserviceunimi.it/scheda-azienda.php?idAzienda=158;FALSE
ICT Strategy Intern;KPMG;https://cosp.careerserviceunimi.it/scheda-azienda.php?idAzienda=158;FALSE
Data & Analytics Intern;KPMG;https://cosp.careerserviceunimi.it/scheda-azienda.php?idAzienda=158;FALSE
Data Engineer & Data Governance Intern;KPMG;https://cosp.careerserviceunimi.it/scheda-azienda.php?idAzienda=158;FALSE
Data Science & Process Mining Intern;KPMG;https://cosp.careerserviceunimi.it/scheda-azienda.php?idAzienda=158;FALSE
Appian & RPA Intern;KPMG;https://cosp.careerserviceunimi.it/scheda-azienda.php?idAzienda=158;FALSE
IT Business Analyst Intern - Consumer and Industrial Markets;KPMG;https://cosp.careerserviceunimi.it/scheda-azienda.php?idAzienda=158;FALSE
IT Business Analyst Intern - Financial Services;KPMG;https://cosp.careerserviceunimi.it/scheda-azienda.php?idAzienda=158;FALSE
IT Business Analyst Intern - Microsoft Dynamics;KPMG;https://cosp.careerserviceunimi.it/scheda-azienda.php?idAzienda=158;FALSE
Management Consulting Intern - Healthcare;KPMG;https://cosp.careerserviceunimi.it/scheda-azienda.php?idAzienda=158;FALSE
Management Consulting Intern - Public Sector;KPMG;https://cosp.careerserviceunimi.it/scheda-azienda.php?idAzienda=158;FALSE
Customer Strategy Intern;KPMG;https://cosp.careerserviceunimi.it/scheda-azienda.php?idAzienda=158;FALSE
Supply Chain & Industry 4.0 Intern;KPMG;https://cosp.careerserviceunimi.it/scheda-azienda.php?idAzienda=158;FALSE
Audit Intern;LabAnalysis;https://cosp.careerserviceunimi.it/scheda-azienda.php?idAzienda=120;FALSE
Junior Auditor;LabAnalysis;https://cosp.careerserviceunimi.it/scheda-azienda.php?idAzienda=120;FALSE
Junior Data Analyst;LabAnalysis;https://cosp.careerserviceunimi.it/scheda-azienda.php?idAzienda=120;FALSE
Junior Data Engineer;LabAnalysis;https://cosp.careerserviceunimi.it/scheda-azienda.php?idAzienda=120;FALSE
Technology Risk Consultant;LabAnalysis;https://cosp.careerserviceunimi.it/scheda-azienda.php?idAzienda=120;FALSE
Junior Legal Consultant;LabAnalysis;https://cosp.careerserviceunimi.it/scheda-azienda.php?idAzienda=120;FALSE
Junior Tax Consultant;LabAnalysis;https://cosp.careerserviceunimi.it/scheda-azienda.php?idAzienda=120;FALSE
Junior Accountant;LabAnalysis;https://cosp.careerserviceunimi.it/scheda-azienda.php?idAzienda=120;FALSE
Junior Consultant Software Asset Management and IT Governance;LabAnalysis;https://cosp.careerserviceunimi.it/scheda-azienda.php?idAzienda=120;FALSE
Governance, Risk and Compliance Intern - Financial Services;LabAnalysis;https://cosp.careerserviceunimi.it/scheda-azienda.php?idAzienda=120;FALSE
Governance, Risk and Compliance Intern - Healthcare&Public;LabAnalysis;https://cosp.careerserviceunimi.it/scheda-azienda.php?idAzienda=120;FALSE
Quantitative Financial Risk Management Intern;LabAnalysis;https://cosp.careerserviceunimi.it/scheda-azienda.php?idAzienda=120;FALSE
Data Scientist Intern;LabAnalysis;https://cosp.careerserviceunimi.it/scheda-azienda.php?idAzienda=120;FALSE
Forensic Technology Intern;LabAnalysis;https://cosp.careerserviceunimi.it/scheda-azienda.php?idAzienda=120;FALSE
ICT Strategy Intern;LabAnalysis;https://cosp.careerserviceunimi.it/scheda-azienda.php?idAzienda=120;FALSE
Data & Analytics Intern;LabAnalysis;https://cosp.careerserviceunimi.it/scheda-azienda.php?idAzienda=120;FALSE
Data Engineer & Data Governance Intern;LabAnalysis;https://cosp.careerserviceunimi.it/scheda-azienda.php?idAzienda=120;FALSE
Data Science & Process Mining Intern;LabAnalysis;https://cosp.careerserviceunimi.it/scheda-azienda.php?idAzienda=120;FALSE
Appian & RPA Intern;LabAnalysis;https://cosp.careerserviceunimi.it/scheda-azienda.php?idAzienda=120;FALSE
IT Business Analyst Intern - Consumer and Industrial Markets;LabAnalysis;https://cosp.careerserviceunimi.it/scheda-azienda.php?idAzienda=120;FALSE
IT Business Analyst Intern - Financial Services;LabAnalysis;https://cosp.careerserviceunimi.it/scheda-azienda.php?idAzienda=120;FALSE
IT Business Analyst Intern - Microsoft Dynamics;LabAnalysis;https://cosp.careerserviceunimi.it/scheda-azienda.php?idAzienda=120;FALSE
Management Consulting Intern - Healthcare;LabAnalysis;https://cosp.careerserviceunimi.it/scheda-azienda.php?idAzienda=120;FALSE
Management Consulting Intern - Public Sector;LabAnalysis;https://cosp.careerserviceunimi.it/scheda-azienda.php?idAzienda=120;FALSE
Customer Strategy Intern;LabAnalysis;https://cosp.careerserviceunimi.it/scheda-azienda.php?idAzienda=120;FALSE
Supply Chain & Industry 4.0 Intern;LabAnalysis;https://cosp.careerserviceunimi.it/scheda-azienda.php?idAzienda=120;FALSE
Stagista dipartimento corporate M&A;Latham & Watkins;https://cosp.careerserviceunimi.it/scheda-azienda.php?idAzienda=30;FALSE
Stagista dipartimento Banking & Finance;Latham & Watkins;https://cosp.careerserviceunimi.it/scheda-azienda.php?idAzienda=30;FALSE
Manager di Negozio in Training;Leroy Merlin Italia;https://cosp.careerserviceunimi.it/scheda-azienda.php?idAzienda=57;FALSE
Performance Manager in Training;Leroy Merlin Italia;https://cosp.careerserviceunimi.it/scheda-azienda.php?idAzienda=57;FALSE
Stage Finanza;Leroy Merlin Italia;https://cosp.careerserviceunimi.it/scheda-azienda.php?idAzienda=57;FALSE
Marketplace Category Internship;Leroy Merlin Italia;https://cosp.careerserviceunimi.it/scheda-azienda.php?idAzienda=57;FALSE
Marketplace Sales Internship;Leroy Merlin Italia;https://cosp.careerserviceunimi.it/scheda-azienda.php?idAzienda=57;FALSE
Stage Audit&Risk;Leroy Merlin Italia;https://cosp.careerserviceunimi.it/scheda-azienda.php?idAzienda=57;FALSE
Stage Demand Planner;Leroy Merlin Italia;https://cosp.careerserviceunimi.it/scheda-azienda.php?idAzienda=57;FALSE
Stage Assistant Project Manager;Leroy Merlin Italia;https://cosp.careerserviceunimi.it/scheda-azienda.php?idAzienda=57;FALSE
Stage Data Scientist;Leroy Merlin Italia;https://cosp.careerserviceunimi.it/scheda-azienda.php?idAzienda=57;FALSE
Stage Data Engineer;Leroy Merlin Italia;https://cosp.careerserviceunimi.it/scheda-azienda.php?idAzienda=57;FALSE
Manager di Negozio in Training;Manpower;https://cosp.careerserviceunimi.it/scheda-azienda.php?idAzienda=144;FALSE
Performance Manager in Training;Manpower;https://cosp.careerserviceunimi.it/scheda-azienda.php?idAzienda=144;FALSE
Stage Finanza;Manpower;https://cosp.careerserviceunimi.it/scheda-azienda.php?idAzienda=144;FALSE
Marketplace Category Internship;Manpower;https://cosp.careerserviceunimi.it/scheda-azienda.php?idAzienda=144;FALSE
Marketplace Sales Internship;Manpower;https://cosp.careerserviceunimi.it/scheda-azienda.php?idAzienda=144;FALSE
Stage Audit&Risk;Manpower;https://cosp.careerserviceunimi.it/scheda-azienda.php?idAzienda=144;FALSE
Stage Demand Planner;Manpower;https://cosp.careerserviceunimi.it/scheda-azienda.php?idAzienda=144;FALSE
Stage Assistant Project Manager;Manpower;https://cosp.careerserviceunimi.it/scheda-azienda.php?idAzienda=144;FALSE
Stage Data Scientist;Manpower;https://cosp.careerserviceunimi.it/scheda-azienda.php?idAzienda=144;FALSE
Stage Data Engineer;Manpower;https://cosp.careerserviceunimi.it/scheda-azienda.php?idAzienda=144;FALSE
Graduate Programme;Marsh;https://cosp.careerserviceunimi.it/scheda-azienda.php?idAzienda=138;FALSE
Junior Client Advisor – Corporate Genoa;Marsh;https://cosp.careerserviceunimi.it/scheda-azienda.php?idAzienda=138;FALSE
Junior Client Advisor – Mercer Marsh Benefits Genoa;Marsh;https://cosp.careerserviceunimi.it/scheda-azienda.php?idAzienda=138;FALSE
Insurance Policy Administrator;Marsh;https://cosp.careerserviceunimi.it/scheda-azienda.php?idAzienda=138;FALSE
JUNIOR CLIENT ADVISOR – AFFINITY;Marsh;https://cosp.careerserviceunimi.it/scheda-azienda.php?idAzienda=138;FALSE
Junior Client Advisor - SURETY SPECIALTY;Marsh;https://cosp.careerserviceunimi.it/scheda-azienda.php?idAzienda=138;FALSE
JUNIOR SALES GRADUATE PROGRAMME;Marsh;https://cosp.careerserviceunimi.it/scheda-azienda.php?idAzienda=138;FALSE
Associate Consultant – Health, Safety, Environmental Risk (HSE);Marsh;https://cosp.careerserviceunimi.it/scheda-azienda.php?idAzienda=138;FALSE
Associate Consultant - Cyber Risk;Marsh;https://cosp.careerserviceunimi.it/scheda-azienda.php?idAzienda=138;FALSE
Associate Consultant – Compliance Risk;Marsh;https://cosp.careerserviceunimi.it/scheda-azienda.php?idAzienda=138;FALSE
Associate Consultant - Enterprise Risk Services;Marsh;https://cosp.careerserviceunimi.it/scheda-azienda.php?idAzienda=138;FALSE
Associate Consultant – Environmental, Social, Governance (ESG);Marsh;https://cosp.careerserviceunimi.it/scheda-azienda.php?idAzienda=138;FALSE
Associate Consultant – Healthcare;Marsh;https://cosp.careerserviceunimi.it/scheda-azienda.php?idAzienda=138;FALSE
Associate Consultant – Public Entities Risk Management;Marsh;https://cosp.careerserviceunimi.it/scheda-azienda.php?idAzienda=138;FALSE
Graduate Programme;Maximus;https://cosp.careerserviceunimi.it/scheda-azienda.php?idAzienda=171;TRUE
Junior Client Advisor – Corporate Genoa;Maximus;https://cosp.careerserviceunimi.it/scheda-azienda.php?idAzienda=171;TRUE
Junior Client Advisor – Mercer Marsh Benefits Genoa;Maximus;https://cosp.careerserviceunimi.it/scheda-azienda.php?idAzienda=171;TRUE
Insurance Policy Administrator;Maximus;https://cosp.careerserviceunimi.it/scheda-azienda.php?idAzienda=171;TRUE
JUNIOR CLIENT ADVISOR – AFFINITY;Maximus;https://cosp.careerserviceunimi.it/scheda-azienda.php?idAzienda=171;TRUE
Junior Client Advisor - SURETY SPECIALTY;Maximus;https://cosp.careerserviceunimi.it/scheda-azienda.php?idAzienda=171;TRUE
JUNIOR SALES GRADUATE PROGRAMME;Maximus;https://cosp.careerserviceunimi.it/scheda-azienda.php?idAzienda=171;TRUE
Associate Consultant – Health, Safety, Environmental Risk (HSE);Maximus;https://cosp.careerserviceunimi.it/scheda-azienda.php?idAzienda=171;TRUE
Associate Consultant - Cyber Risk;Maximus;https://cosp.careerserviceunimi.it/scheda-azienda.php?idAzienda=171;TRUE
Associate Consultant – Compliance Risk;Maximus;https://cosp.careerserviceunimi.it/scheda-azienda.php?idAzienda=171;TRUE
Associate Consultant - Enterprise Risk Services;Maximus;https://cosp.careerserviceunimi.it/scheda-azienda.php?idAzienda=171;TRUE
Associate Consultant – Environmental, Social, Governance (ESG);Maximus;https://cosp.careerserviceunimi.it/scheda-azienda.php?idAzienda=171;TRUE
Associate Consultant – Healthcare;Maximus;https://cosp.careerserviceunimi.it/scheda-azienda.php?idAzienda=171;TRUE
Associate Consultant – Public Entities Risk Management;Maximus;https://cosp.careerserviceunimi.it/scheda-azienda.php?idAzienda=171;TRUE
TECNICO ALIMENTARISTA;MAZZOLENI;https://cosp.careerserviceunimi.it/scheda-azienda.php?idAzienda=33;FALSE
TECHNICAL SALES ACCOUNT;MAZZOLENI;https://cosp.careerserviceunimi.it/scheda-azienda.php?idAzienda=33;FALSE
Internship Capital Market Documentation;Mediobanca;https://cosp.careerserviceunimi.it/scheda-azienda.php?idAzienda=15;TRUE
Internship Tax - Presidio Adempimenti e Monitoraggio Contenzioso;Mediobanca;https://cosp.careerserviceunimi.it/scheda-azienda.php?idAzienda=15;TRUE
Internship Capital Market Documentation;METRO Italia;https://cosp.careerserviceunimi.it/scheda-azienda.php?idAzienda=11;FALSE
Internship Tax - Presidio Adempimenti e Monitoraggio Contenzioso;METRO Italia;https://cosp.careerserviceunimi.it/scheda-azienda.php?idAzienda=11;FALSE
JUNIOR QA TESTER;Milestone;https://cosp.careerserviceunimi.it/scheda-azienda.php?idAzienda=150;FALSE
JUNIOR QA TESTER (Area TECH);Milestone;https://cosp.careerserviceunimi.it/scheda-azienda.php?idAzienda=150;FALSE
DATA MANAGER;Milestone;https://cosp.careerserviceunimi.it/scheda-azienda.php?idAzienda=150;FALSE
JUNIOR AGILE PROJECT MANAGER;Milestone;https://cosp.careerserviceunimi.it/scheda-azienda.php?idAzienda=150;FALSE
JUNIOR C++ GAME DEVELOPER;Milestone;https://cosp.careerserviceunimi.it/scheda-azienda.php?idAzienda=150;FALSE
Praticante avvocato;NASCIMBENE;https://cosp.careerserviceunimi.it/scheda-azienda.php?idAzienda=93;TRUE
Stage;NASCIMBENE;https://cosp.careerserviceunimi.it/scheda-azienda.php?idAzienda=93;TRUE
AGRONOMIST ITALY;Netafim;https://cosp.careerserviceunimi.it/scheda-azienda.php?idAzienda=81;TRUE
Responsabile amministrativo;Netafim;https://cosp.careerserviceunimi.it/scheda-azienda.php?idAzienda=81;TRUE
Field Account;Netafim;https://cosp.careerserviceunimi.it/scheda-azienda.php?idAzienda=81;TRUE
Marketing and Communication;Netafim;https://cosp.careerserviceunimi.it/scheda-azienda.php?idAzienda=81;TRUE
AGRONOMIST ITALY;Oldrati Guarnizioni Industriali Spa;https://cosp.careerserviceunimi.it/scheda-azienda.php?idAzienda=123;FALSE
Responsabile amministrativo;Oldrati Guarnizioni Industriali Spa;https://cosp.careerserviceunimi.it/scheda-azienda.php?idAzienda=123;FALSE
Field Account;Oldrati Guarnizioni Industriali Spa;https://cosp.careerserviceunimi.it/scheda-azienda.php?idAzienda=123;FALSE
Marketing and Communication;Oldrati Guarnizioni Industriali Spa;https://cosp.careerserviceunimi.it/scheda-azienda.php?idAzienda=123;FALSE
AGRONOMIST ITALY;OVS;https://cosp.careerserviceunimi.it/scheda-azienda.php?idAzienda=111;TRUE
Responsabile amministrativo;OVS;https://cosp.careerserviceunimi.it/scheda-azienda.php?idAzienda=111;TRUE
Field Account;OVS;https://cosp.careerserviceunimi.it/scheda-azienda.php?idAzienda=111;TRUE
Marketing and Communication;OVS;https://cosp.careerserviceunimi.it/scheda-azienda.php?idAzienda=111;TRUE
AGRONOMIST ITALY;Page Personnel;https://cosp.careerserviceunimi.it/scheda-azienda.php?idAzienda=58;TRUE
Responsabile amministrativo;Page Personnel;https://cosp.careerserviceunimi.it/scheda-azienda.php?idAzienda=58;TRUE
Field Account;Page Personnel;https://cosp.careerserviceunimi.it/scheda-azienda.php?idAzienda=58;TRUE
Marketing and Communication;Page Personnel;https://cosp.careerserviceunimi.it/scheda-azienda.php?idAzienda=58;TRUE
Sales & Marketing Stage;PERCASSI;https://cosp.careerserviceunimi.it/scheda-azienda.php?idAzienda=78;FALSE
Stage Logistica;PERCASSI;https://cosp.careerserviceunimi.it/scheda-azienda.php?idAzienda=78;FALSE
Stage Buying & Category;PERCASSI;https://cosp.careerserviceunimi.it/scheda-azienda.php?idAzienda=78;FALSE
Stage R&D Gum;Perfetti Van Melle;https://cosp.careerserviceunimi.it/scheda-azienda.php?idAzienda=18;TRUE
Stage R&D Packaging;Perfetti Van Melle;https://cosp.careerserviceunimi.it/scheda-azienda.php?idAzienda=18;TRUE
Internship - Junior Controller;Pirelli;https://cosp.careerserviceunimi.it/scheda-azienda.php?idAzienda=86;FALSE
Internship Digital Workplace System Engineer;Pirelli;https://cosp.careerserviceunimi.it/scheda-azienda.php?idAzienda=86;FALSE
Internship Information Security Governance;Pirelli;https://cosp.careerserviceunimi.it/scheda-azienda.php?idAzienda=86;FALSE
Internship Corporate Affairs;Pirelli;https://cosp.careerserviceunimi.it/scheda-azienda.php?idAzienda=86;FALSE
Internship Junior Compliance Specialist;Pirelli;https://cosp.careerserviceunimi.it/scheda-azienda.php?idAzienda=86;FALSE
Internship - Purchasing Europe;Pirelli;https://cosp.careerserviceunimi.it/scheda-azienda.php?idAzienda=86;FALSE
Internship Network Planning;Pirelli;https://cosp.careerserviceunimi.it/scheda-azienda.php?idAzienda=86;FALSE
Internship Junior Industrial Controller;Pirelli;https://cosp.careerserviceunimi.it/scheda-azienda.php?idAzienda=86;FALSE
Internship Customer Service;Pirelli;https://cosp.careerserviceunimi.it/scheda-azienda.php?idAzienda=86;FALSE
Internship Geomarketing and Data Management;Pirelli;https://cosp.careerserviceunimi.it/scheda-azienda.php?idAzienda=86;FALSE
Internship Pricing Car;Pirelli;https://cosp.careerserviceunimi.it/scheda-azienda.php?idAzienda=86;FALSE
Controlli Antiriciclaggio;Protiviti;https://cosp.careerserviceunimi.it/scheda-azienda.php?idAzienda=102;FALSE
Junior Internal Audit - Financial Services;Protiviti;https://cosp.careerserviceunimi.it/scheda-azienda.php?idAzienda=102;FALSE
Cybersecurity - Junior Consultant;Protiviti;https://cosp.careerserviceunimi.it/scheda-azienda.php?idAzienda=102;FALSE
Junior Consultant;Protiviti;https://cosp.careerserviceunimi.it/scheda-azienda.php?idAzienda=102;FALSE
Controlli Antiriciclaggio;PwC;https://cosp.careerserviceunimi.it/scheda-azienda.php?idAzienda=47;FALSE
Junior Internal Audit - Financial Services;PwC;https://cosp.careerserviceunimi.it/scheda-azienda.php?idAzienda=47;FALSE
Cybersecurity - Junior Consultant;PwC;https://cosp.careerserviceunimi.it/scheda-azienda.php?idAzienda=47;FALSE
Junior Consultant;PwC;https://cosp.careerserviceunimi.it/scheda-azienda.php?idAzienda=47;FALSE
Controlli Antiriciclaggio;Randstad Italia;https://cosp.careerserviceunimi.it/scheda-azienda.php?idAzienda=154;TRUE
Junior Internal Audit - Financial Services;Randstad Italia;https://cosp.careerserviceunimi.it/scheda-azienda.php?idAzienda=154;TRUE
Cybersecurity - Junior Consultant;Randstad Italia;https://cosp.careerserviceunimi.it/scheda-azienda.php?idAzienda=154;TRUE
Junior Consultant;Randstad Italia;https://cosp.careerserviceunimi.it/scheda-azienda.php?idAzienda=154;TRUE
Controlli Antiriciclaggio;RCS MediaGroup - La Gazzetta dello Sport;https://cosp.careerserviceunimi.it/scheda-azienda.php?idAzienda=152;TRUE
Junior Internal Audit - Financial Services;RCS MediaGroup - La Gazzetta dello Sport;https://cosp.careerserviceunimi.it/scheda-azienda.php?idAzienda=152;TRUE
Cybersecurity - Junior Consultant;RCS MediaGroup - La Gazzetta dello Sport;https://cosp.careerserviceunimi.it/scheda-azienda.php?idAzienda=152;TRUE
Junior Consultant;RCS MediaGroup - La Gazzetta dello Sport;https://cosp.careerserviceunimi.it/scheda-azienda.php?idAzienda=152;TRUE
IT Consultant;REPLY;https://cosp.careerserviceunimi.it/scheda-azienda.php?idAzienda=38;TRUE
HR Recruiting Consultant;Reverse;https://cosp.careerserviceunimi.it/scheda-azienda.php?idAzienda=100;TRUE
Sales Strategy Consultant;Reverse;https://cosp.careerserviceunimi.it/scheda-azienda.php?idAzienda=100;TRUE
HR Recruiting Consultant;Robert Bosch;https://cosp.careerserviceunimi.it/scheda-azienda.php?idAzienda=9;FALSE
Sales Strategy Consultant;Robert Bosch;https://cosp.careerserviceunimi.it/scheda-azienda.php?idAzienda=9;FALSE
Stage - Addetto/a Formazione;Sicuritalia;https://cosp.careerserviceunimi.it/scheda-azienda.php?idAzienda=25;FALSE
Junior System Engineer;Sicuritalia;https://cosp.careerserviceunimi.it/scheda-azienda.php?idAzienda=25;FALSE
Stage Ufficio Gare d'Appalto;Sicuritalia;https://cosp.careerserviceunimi.it/scheda-azienda.php?idAzienda=25;FALSE
Stage Ufficio Commerciale - Sales Support;Sicuritalia;https://cosp.careerserviceunimi.it/scheda-azienda.php?idAzienda=25;FALSE
Controller Commerciale;Sicuritalia;https://cosp.careerserviceunimi.it/scheda-azienda.php?idAzienda=25;FALSE
Finance Analytics;Sky;https://cosp.careerserviceunimi.it/scheda-azienda.php?idAzienda=6;FALSE
Customer & Prospect Interaction;Sky;https://cosp.careerserviceunimi.it/scheda-azienda.php?idAzienda=6;FALSE
Planning & Forecasting Analytics;Sky;https://cosp.careerserviceunimi.it/scheda-azienda.php?idAzienda=6;FALSE
Data Analytics;Sky;https://cosp.careerserviceunimi.it/scheda-azienda.php?idAzienda=6;FALSE
Sales Controller;SPUMADOR;https://cosp.careerserviceunimi.it/scheda-azienda.php?idAzienda=119;TRUE
Sales Business Activator;SPUMADOR;https://cosp.careerserviceunimi.it/scheda-azienda.php?idAzienda=119;TRUE
Accounting & Reporting Analyst;SPUMADOR;https://cosp.careerserviceunimi.it/scheda-azienda.php?idAzienda=119;TRUE
Front Office Support Internship;STAR;https://cosp.careerserviceunimi.it/scheda-azienda.php?idAzienda=133;FALSE
Front Office Support Internship;STMicroelectronics;https://cosp.careerserviceunimi.it/scheda-azienda.php?idAzienda=173;TRUE
Account Manager Flowers;Syngenta;https://cosp.careerserviceunimi.it/scheda-azienda.php?idAzienda=101;TRUE
AGRONOMO/A TECNICO COMMERCIALE;TIMAC AGRO Italia;https://cosp.careerserviceunimi.it/scheda-azienda.php?idAzienda=103;FALSE
IMPIEGATO/A UFFICIO ACQUISTI;TIMAC AGRO Italia;https://cosp.careerserviceunimi.it/scheda-azienda.php?idAzienda=103;FALSE
Aerospace Customer Service Representative;TXT Group;https://cosp.careerserviceunimi.it/scheda-azienda.php?idAzienda=55;FALSE
Test Engineer;TXT Group;https://cosp.careerserviceunimi.it/scheda-azienda.php?idAzienda=55;FALSE
Service Desk Agent;TXT Group;https://cosp.careerserviceunimi.it/scheda-azienda.php?idAzienda=55;FALSE
Avionic Software Engineer;TXT Group;https://cosp.careerserviceunimi.it/scheda-azienda.php?idAzienda=55;FALSE
Aeronautical Software Test Engineer;TXT Group;https://cosp.careerserviceunimi.it/scheda-azienda.php?idAzienda=55;FALSE
Business Consultant Junior;TXT Group;https://cosp.careerserviceunimi.it/scheda-azienda.php?idAzienda=55;FALSE
Software Engineer;TXT Group;https://cosp.careerserviceunimi.it/scheda-azienda.php?idAzienda=55;FALSE
ASP .Net backend Developer;TXT Group;https://cosp.careerserviceunimi.it/scheda-azienda.php?idAzienda=55;FALSE
Software Embedded Engineer;TXT Group;https://cosp.careerserviceunimi.it/scheda-azienda.php?idAzienda=55;FALSE
Avionic Firmware Software Engineer and Tester;TXT Group;https://cosp.careerserviceunimi.it/scheda-azienda.php?idAzienda=55;FALSE
Social Media Italy;UCI Cinemas;https://cosp.careerserviceunimi.it/scheda-azienda.php?idAzienda=141;TRUE
Agente Service Desk di 1° livello – categorie protette Legge 68/99;UCI Cinemas;https://cosp.careerserviceunimi.it/scheda-azienda.php?idAzienda=141;TRUE
Agente Service Desk di 1° livello;UCI Cinemas;https://cosp.careerserviceunimi.it/scheda-azienda.php?idAzienda=141;TRUE
Social Media Italy;UMANA;https://cosp.careerserviceunimi.it/scheda-azienda.php?idAzienda=107;FALSE
Agente Service Desk di 1° livello – categorie protette Legge 68/99;UMANA;https://cosp.careerserviceunimi.it/scheda-azienda.php?idAzienda=107;FALSE
Agente Service Desk di 1° livello;UMANA;https://cosp.careerserviceunimi.it/scheda-azienda.php?idAzienda=107;FALSE
Consulente Personal - Retail;UniCredit;https://cosp.careerserviceunimi.it/scheda-azienda.php?idAzienda=118;TRUE
Backoffice Mobility Aftersales;Volkswagen Financial Services;https://cosp.careerserviceunimi.it/scheda-azienda.php?idAzienda=90;FALSE
Sales and backoffice;Volkswagen Financial Services;https://cosp.careerserviceunimi.it/scheda-azienda.php?idAzienda=90;FALSE
Planning and Controlling;Volkswagen Financial Services;https://cosp.careerserviceunimi.it/scheda-azienda.php?idAzienda=90;FALSE
Product Specialist;Volkswagen Financial Services;https://cosp.careerserviceunimi.it/scheda-azienda.php?idAzienda=90;FALSE
Credit Analyst;Volkswagen Financial Services;https://cosp.careerserviceunimi.it/scheda-azienda.php?idAzienda=90;FALSE
Legal;Volkswagen Financial Services;https://cosp.careerserviceunimi.it/scheda-azienda.php?idAzienda=90;FALSE
Legal Intern;White & Case;https://cosp.careerserviceunimi.it/scheda-azienda.php?idAzienda=145;FALSE
Legal Trainee;White & Case;https://cosp.careerserviceunimi.it/scheda-azienda.php?idAzienda=145;FALSE
Consulenti applicativi Junior;ZUCCHETTI;https://cosp.careerserviceunimi.it/scheda-azienda.php?idAzienda=114;FALSE
